{
    "891856991289507901": {
        "name": "I'm cool",
        "hp": 0,
        "durability": 0,
        "max_hp": 20.75,
        "level": "3",
        "money": {
            "value": 3138
        },
        "exp": 37,
        "damage": 5,
        "equip": "Iron Sword",
        "armor": "Grandma\u2019s Quilt",
        "inventory": {
            "Iron Sword": 1,
            "Katana": 1,
            "Banana Gun": 2,
            "Rusty Dagger": 1,
            "Banana Leaf Wrap": 1,
            "Grandma\u2019s Quilt": 2,
            "Rock T-Shirt": 1
        }
    }
}